<?xml version="1.0" encoding="utf-8"?>
<ode><userPreferences><userPreference><key>theme</key><value>base</value></userPreference></userPreferences><odeResources><odeResource><key>odeVersionId</key><value>20251110200922CZCEOH</value></odeResource><odeResource><key>odeId</key><value>20251110194711HBFYFU</value></odeResource><odeResource><key>odeVersionName</key><value>0</value></odeResource><odeResource><key>isDownload</key><value>true</value></odeResource></odeResources><odeProperties><odeProperty><key>pp_title</key><value>Comunicar con eficacia: el arte de atender al cliente</value></odeProperty><odeProperty><key>pp_lang</key><value>es</value></odeProperty><odeProperty><key>pp_author</key><value>Enrique Fernández </value></odeProperty><odeProperty><key>license</key><value>creative commons: attribution - share alike 4.0</value></odeProperty><odeProperty><key>pp_description</key><value/></odeProperty><odeProperty><key>exportSource</key><value>true</value></odeProperty><odeProperty><key>pp_addExeLink</key><value>true</value></odeProperty><odeProperty><key>pp_exportElp</key><value>false</value></odeProperty><odeProperty><key>pp_addPagination</key><value>false</value></odeProperty><odeProperty><key>pp_addSearchBox</key><value>false</value></odeProperty><odeProperty><key>pp_addAccessibilityToolbar</key><value>false</value></odeProperty><odeProperty><key>pp_extraHeadContent</key><value/></odeProperty><odeProperty><key>footer</key><value/></odeProperty></odeProperties><odeNavStructures><odeNavStructure><odePageId>20251110200922MQONUJ</odePageId><odeParentPageId/><pageName>Comunicar con eficacia: el arte de atender al cliente</pageName><odeNavStructureOrder>1</odeNavStructureOrder><odeNavStructureProperties><odeNavStructureProperty><key>titlePage</key><value>Comunicar con eficacia: el arte de atender al cliente</value></odeNavStructureProperty></odeNavStructureProperties><odePagStructures><odePagStructure><odePageId>20251110200922MQONUJ</odePageId><odeBlockId>20251110200922TVWDUB</odeBlockId><blockName>Descripción general</blockName><iconName/><odePagStructureOrder>1</odePagStructureOrder><odePagStructureProperties><odePagStructureProperty><key>visibility</key><value>true</value></odePagStructureProperty><odePagStructureProperty><key>teacherOnly</key><value>false</value></odePagStructureProperty><odePagStructureProperty><key>allowToggle</key><value>true</value></odePagStructureProperty><odePagStructureProperty><key>minimized</key><value>false</value></odePagStructureProperty><odePagStructureProperty><key>identifier</key><value/></odePagStructureProperty><odePagStructureProperty><key>cssClass</key><value/></odePagStructureProperty></odePagStructureProperties><odeComponents><odeComponent><odePageId>20251110200922MQONUJ</odePageId><odeBlockId>20251110200922TVWDUB</odeBlockId><odeIdeviceId>20251110194711JKNFTI</odeIdeviceId><odeIdeviceTypeName>text</odeIdeviceTypeName><htmlView>&lt;div class="exe-text"&gt;&lt;p style="text-align: justify;"&gt;Esta Situación de Aprendizaje se plantea para el alumnado de 1º de Administración y Finanzas, en el módulo de Comunicación y Atención al Cliente, con el objetivo de conectar las competencias de la comunicación oral con situaciones reales del entorno profesional. A través de esta propuesta, el alumnado comprenderá cómo el lenguaje verbal y no verbal impacta directamente en la calidad de la atención al cliente, fomentando una actitud profesional, empática y resolutiva.&lt;br /&gt;&lt;br /&gt;El hilo conductor de la SdA se articula en torno a un reto práctico: simular una atención al cliente en distintos contextos empresariales, aplicando estrategias de comunicación oral eficaces. El alumnado deberá diseñar y representar situaciones reales en las que se atienda a clientes de forma presencial y telefónica, cuidando tanto el lenguaje verbal como el no verbal, y adaptando su estilo comunicativo a las necesidades del interlocutor.&lt;br /&gt;Este reto permite aplicar los conocimientos en un entorno próximo a la realidad laboral del alumnado, desarrollando competencias como la escucha activa, la empatía, la claridad en la expresión, la gestión emocional y la capacidad de adaptación comunicativa.&lt;/p&gt;
&lt;p style="text-align: justify;"&gt;&lt;br /&gt;El producto final será una presentación grupal en la que cada equipo exponga:&lt;br /&gt;·       Una simulación de atención al cliente (presencial o telefónica).&lt;br /&gt;·       Justificación de las decisiones comunicativas adoptadas.&lt;br /&gt;·       Análisis del lenguaje verbal y no verbal utilizado.&lt;br /&gt;·       Propuestas de mejora en la interacción.&lt;/p&gt;
&lt;p style="text-align: justify;"&gt;Este formato permite evaluar no solo la destreza comunicativa, sino también la capacidad de análisis, argumentación y trabajo en equipo, competencias clave para afrontar los retos del siglo XXI en ámbitos como la administración, la gestión empresarial y la atención al público.&lt;/p&gt;&lt;/div&gt;</htmlView><jsonProperties>{"ideviceId":"20251110194711JKNFTI","textInfoDurationInput":"","textInfoParticipantsInput":"","textInfoDurationTextInput":"","textInfoParticipantsTextInput":"","textTextarea":"&lt;div class=\"exe-text\"&gt;&lt;p style=\"text-align: justify;\"&gt;Esta Situaci\u00f3n de Aprendizaje se plantea para el alumnado de 1\u00ba de Administraci\u00f3n y Finanzas, en el m\u00f3dulo de Comunicaci\u00f3n y Atenci\u00f3n al Cliente, con el objetivo de conectar las competencias de la comunicaci\u00f3n oral con situaciones reales del entorno profesional. A trav\u00e9s de esta propuesta, el alumnado comprender\u00e1 c\u00f3mo el lenguaje verbal y no verbal impacta directamente en la calidad de la atenci\u00f3n al cliente, fomentando una actitud profesional, emp\u00e1tica y resolutiva.&lt;br /&gt;&lt;br /&gt;El hilo conductor de la SdA se articula en torno a un reto pr\u00e1ctico:\u00a0simular una atenci\u00f3n al cliente en distintos contextos empresariales, aplicando estrategias de comunicaci\u00f3n oral eficaces. El alumnado deber\u00e1 dise\u00f1ar y representar situaciones reales en las que se atienda a clientes de forma presencial y telef\u00f3nica, cuidando tanto el lenguaje verbal como el no verbal, y adaptando su estilo comunicativo a las necesidades del interlocutor.&lt;br /&gt;Este reto permite aplicar los conocimientos en un entorno pr\u00f3ximo a la realidad laboral del alumnado, desarrollando competencias como la escucha activa, la empat\u00eda, la claridad en la expresi\u00f3n, la gesti\u00f3n emocional y la capacidad de adaptaci\u00f3n comunicativa.&lt;/p&gt;\n&lt;p style=\"text-align: justify;\"&gt;&lt;br /&gt;El producto final ser\u00e1 una\u00a0presentaci\u00f3n grupal\u00a0en la que cada equipo exponga:&lt;br /&gt;\u00b7\u00a0\u00a0\u00a0\u00a0\u00a0\u00a0 Una simulaci\u00f3n de atenci\u00f3n al cliente (presencial o telef\u00f3nica).&lt;br /&gt;\u00b7\u00a0\u00a0\u00a0\u00a0\u00a0\u00a0 Justificaci\u00f3n de las decisiones comunicativas adoptadas.&lt;br /&gt;\u00b7\u00a0\u00a0\u00a0\u00a0\u00a0\u00a0 An\u00e1lisis del lenguaje verbal y no verbal utilizado.&lt;br /&gt;\u00b7\u00a0\u00a0\u00a0\u00a0\u00a0\u00a0 Propuestas de mejora en la interacci\u00f3n.&lt;/p&gt;\n&lt;p style=\"text-align: justify;\"&gt;Este formato permite evaluar no solo la destreza comunicativa, sino tambi\u00e9n la capacidad de an\u00e1lisis, argumentaci\u00f3n y trabajo en equipo, competencias clave para afrontar los retos del siglo XXI en \u00e1mbitos como la administraci\u00f3n, la gesti\u00f3n empresarial y la atenci\u00f3n al p\u00fablico.&lt;/p&gt;&lt;/div&gt;","textFeedbackInput":"","textFeedbackTextarea":""}</jsonProperties><odeComponentsOrder>1</odeComponentsOrder><odeComponentsProperties><odeComponentsProperty><key>visibility</key><value>true</value></odeComponentsProperty><odeComponentsProperty><key>teacherOnly</key><value>false</value></odeComponentsProperty><odeComponentsProperty><key>identifier</key><value/></odeComponentsProperty><odeComponentsProperty><key>cssClass</key><value/></odeComponentsProperty></odeComponentsProperties></odeComponent></odeComponents></odePagStructure><odePagStructure><odePageId>20251110200922MQONUJ</odePageId><odeBlockId>20251110200922MCMUWM</odeBlockId><blockName>Datos identificativos</blockName><iconName/><odePagStructureOrder>4</odePagStructureOrder><odePagStructureProperties><odePagStructureProperty><key>visibility</key><value>true</value></odePagStructureProperty><odePagStructureProperty><key>teacherOnly</key><value>false</value></odePagStructureProperty><odePagStructureProperty><key>allowToggle</key><value>true</value></odePagStructureProperty><odePagStructureProperty><key>minimized</key><value>false</value></odePagStructureProperty><odePagStructureProperty><key>identifier</key><value/></odePagStructureProperty><odePagStructureProperty><key>cssClass</key><value/></odePagStructureProperty></odePagStructureProperties><odeComponents><odeComponent><odePageId>20251110200922MQONUJ</odePageId><odeBlockId>20251110200922MCMUWM</odeBlockId><odeIdeviceId>20251110194711JAVBHS</odeIdeviceId><odeIdeviceTypeName>text</odeIdeviceTypeName><htmlView>&lt;div class="exe-text-template"&gt;&lt;div class="textIdeviceContent"&gt;
            &lt;div class="exe-text-activity"&gt;
                &lt;div&gt;&lt;div class="exe-text"&gt;
&lt;p&gt;Etapa educativa y nivel: 1º Ciclo superior Administración y finanzas (Formación profesional)&lt;br&gt;Módulo: Comunicación y atención al cliente&lt;br&gt;Agrupamientos: grupos de 3 a 4 alumnos/as&lt;br&gt;Organización espacial: aula&lt;br&gt;Temporalización: 5 sesiones de 55 minutos&lt;/p&gt;
&lt;p&gt;Productos del alumnado:&lt;/p&gt;
&lt;p&gt;&amp;nbsp;&lt;/p&gt;
&lt;p&gt;&lt;strong&gt;Simulación de atención al cliente (presencial o telefónica)&lt;/strong&gt;&lt;/p&gt;
&lt;p&gt;Este producto constituye el núcleo del proyecto y refleja la aplicación práctica de las competencias comunicativas trabajadas. Cada grupo diseñará y representará una situación real de atención al cliente, cuidando la expresión oral, la comunicación gestual/no verbal y la adaptación al perfil del interlocutor o interlocutora. La simulación se realizará en formato presencial o telefónico, y servirá como base para la presentación final. Se valorará la claridad, la empatía, la profesionalidad y la capacidad de resolución.&lt;/p&gt;
&lt;p&gt;&amp;nbsp;&lt;/p&gt;
&lt;p&gt;&lt;strong&gt;Infografía interactiva&lt;/strong&gt;&lt;/p&gt;
&lt;p&gt;La infografía complementará la simulación, ofreciendo una representación visual clara y atractiva que explique los elementos comunicativos utilizados (verbales y no verbales), las estrategias aplicadas y las decisiones tomadas en la interacción. Este recurso permitirá sintetizar información técnica de manera accesible, incorporando esquemas, iconos, anotaciones y breves textos explicativos.&lt;/p&gt;
&lt;p&gt;&amp;nbsp;&lt;/p&gt;
&lt;p&gt;&lt;strong&gt;Podcast explicativo&lt;/strong&gt;&lt;/p&gt;
&lt;p&gt;Cada grupo grabará un breve podcast en el que reflexione sobre el proceso seguido en la SdA: cómo han preparado la simulación, qué dificultades han encontrado, qué han aprendido sobre la comunicación eficaz y cómo aplicarían estos conocimientos en un entorno profesional real. Este formato promueve la competencia comunicativa, la argumentación y la capacidad de relacionar los saberes con los retos del siglo XXI.&amp;nbsp;&lt;/p&gt;
&lt;p&gt;&amp;nbsp;&lt;/p&gt;
&lt;p&gt;&lt;strong&gt;Herramientas:&amp;nbsp;&lt;/strong&gt;&lt;/p&gt;
&lt;p&gt;Canva o power point&lt;/p&gt;
&lt;p&gt;Clipchamp o grabadora de audio integrada móvil o pc&lt;/p&gt;
&lt;/div&gt;&lt;p class="clearfix"&gt;&lt;/p&gt;&lt;/div&gt;
            &lt;/div&gt;&lt;/div&gt;&lt;/div&gt;</htmlView><jsonProperties>{"ideviceId":"20251110194711JAVBHS","textInfoDurationInput":"","textInfoDurationTextInput":"Duración","textInfoParticipantsInput":"","textInfoParticipantsTextInput":"Agrupamiento","textTextarea":"&lt;div class=\"exe-text\"&gt;\n&lt;p&gt;Etapa educativa y nivel: 1º Ciclo superior Administración y finanzas (Formación profesional)&lt;br /&gt;Módulo: Comunicación y atención al cliente&lt;br /&gt;Agrupamientos: grupos de 3 a 4 alumnos/as&lt;br /&gt;Organización espacial: aula&lt;br /&gt;Temporalización: 5 sesiones de 55 minutos&lt;/p&gt;\n&lt;p&gt;Productos del alumnado:&lt;/p&gt;\n&lt;p&gt; &lt;/p&gt;\n&lt;p&gt;&lt;strong&gt;Simulación de atención al cliente (presencial o telefónica)&lt;/strong&gt;&lt;/p&gt;\n&lt;p&gt;Este producto constituye el núcleo del proyecto y refleja la aplicación práctica de las competencias comunicativas trabajadas. Cada grupo diseñará y representará una situación real de atención al cliente, cuidando la expresión oral, la comunicación gestual/no verbal y la adaptación al perfil del interlocutor o interlocutora. La simulación se realizará en formato presencial o telefónico, y servirá como base para la presentación final. Se valorará la claridad, la empatía, la profesionalidad y la capacidad de resolución.&lt;/p&gt;\n&lt;p&gt; &lt;/p&gt;\n&lt;p&gt;&lt;strong&gt;Infografía interactiva&lt;/strong&gt;&lt;/p&gt;\n&lt;p&gt;La infografía complementará la simulación, ofreciendo una representación visual clara y atractiva que explique los elementos comunicativos utilizados (verbales y no verbales), las estrategias aplicadas y las decisiones tomadas en la interacción. Este recurso permitirá sintetizar información técnica de manera accesible, incorporando esquemas, iconos, anotaciones y breves textos explicativos.&lt;/p&gt;\n&lt;p&gt; &lt;/p&gt;\n&lt;p&gt;&lt;strong&gt;Podcast explicativo&lt;/strong&gt;&lt;/p&gt;\n&lt;p&gt;Cada grupo grabará un breve podcast en el que reflexione sobre el proceso seguido en la SdA: cómo han preparado la simulación, qué dificultades han encontrado, qué han aprendido sobre la comunicación eficaz y cómo aplicarían estos conocimientos en un entorno profesional real. Este formato promueve la competencia comunicativa, la argumentación y la capacidad de relacionar los saberes con los retos del siglo XXI. &lt;/p&gt;\n&lt;p&gt; &lt;/p&gt;\n&lt;p&gt;&lt;strong&gt;Herramientas: &lt;/strong&gt;&lt;/p&gt;\n&lt;p&gt;Canva o power point&lt;/p&gt;\n&lt;p&gt;Clipchamp o grabadora de audio integrada móvil o pc&lt;/p&gt;\n&lt;/div&gt;","textFeedbackInput":"Mostrar retroalimentación","textFeedbackTextarea":""}</jsonProperties><odeComponentsOrder>1</odeComponentsOrder><odeComponentsProperties><odeComponentsProperty><key>visibility</key><value>true</value></odeComponentsProperty><odeComponentsProperty><key>teacherOnly</key><value>false</value></odeComponentsProperty><odeComponentsProperty><key>identifier</key><value/></odeComponentsProperty><odeComponentsProperty><key>cssClass</key><value/></odeComponentsProperty></odeComponentsProperties></odeComponent></odeComponents></odePagStructure></odePagStructures></odeNavStructure><odeNavStructure><odePageId>20251110200922KKACPB</odePageId><odeParentPageId/><pageName>1. Intención educativa</pageName><odeNavStructureOrder>2</odeNavStructureOrder><odeNavStructureProperties><odeNavStructureProperty><key>titlePage</key><value>1. Intención educativa</value></odeNavStructureProperty></odeNavStructureProperties><odePagStructures><odePagStructure><odePageId>20251110200922KKACPB</odePageId><odeBlockId>20251110200922SNOCVI</odeBlockId><blockName>Justificación </blockName><iconName/><odePagStructureOrder>7</odePagStructureOrder><odePagStructureProperties><odePagStructureProperty><key>visibility</key><value>true</value></odePagStructureProperty><odePagStructureProperty><key>teacherOnly</key><value>false</value></odePagStructureProperty><odePagStructureProperty><key>allowToggle</key><value>true</value></odePagStructureProperty><odePagStructureProperty><key>minimized</key><value>false</value></odePagStructureProperty><odePagStructureProperty><key>identifier</key><value/></odePagStructureProperty><odePagStructureProperty><key>cssClass</key><value/></odePagStructureProperty></odePagStructureProperties><odeComponents><odeComponent><odePageId>20251110200922KKACPB</odePageId><odeBlockId>20251110200922SNOCVI</odeBlockId><odeIdeviceId>20251110194711RGPYGS</odeIdeviceId><odeIdeviceTypeName>text</odeIdeviceTypeName><htmlView>&lt;div class="exe-text"&gt;&lt;p style="text-align: justify;"&gt;La presente Situación de Aprendizaje, titulada “Comunicar con eficacia: el arte de atender al cliente”, se dirige al alumnado de 1º de Administración y Finanzas, en el módulo de Comunicación y Atención al Cliente, en un momento clave de su formación profesional. Este curso requiere que los estudiantes desarrollen competencias comunicativas esenciales para desenvolverse con eficacia en entornos laborales reales, especialmente en el ámbito de la atención al cliente.&lt;/p&gt;
&lt;p style="text-align: justify;"&gt;&lt;br /&gt;El desarrollo de esta SdA busca fomentar en el alumnado:&lt;/p&gt;
&lt;ul style="text-align: justify;"&gt;
&lt;li&gt;La escucha activa como herramienta clave para comprender las necesidades del cliente.&lt;/li&gt;
&lt;li&gt;La expresión oral clara y adaptada al contexto profesional.&lt;/li&gt;
&lt;li&gt;El uso consciente de la comunicación gestual y no verbal para reforzar el mensaje y generar confianza.&lt;/li&gt;
&lt;li&gt;La reflexión crítica sobre el propio estilo comunicativo y su mejora continua.&lt;/li&gt;
&lt;/ul&gt;
&lt;p style="text-align: justify;"&gt;El impacto esperado se traduce en una mejora significativa de las competencias comunicativas del alumnado, preparándolos para afrontar con solvencia situaciones reales de atención al cliente en diversos sectores. Además, se promueve el desarrollo de habilidades transversales como la empatía, la resolución de conflictos, la argumentación y la capacidad de trabajo en equipo, todas ellas fundamentales para su futura inserción laboral.&lt;/p&gt;&lt;/div&gt;</htmlView><jsonProperties>{"ideviceId":"20251110194711RGPYGS","textInfoDurationInput":"","textInfoParticipantsInput":"","textInfoDurationTextInput":"","textInfoParticipantsTextInput":"","textTextarea":"&lt;div class=\"exe-text\"&gt;&lt;p style=\"text-align: justify;\"&gt;La presente Situaci\u00f3n de Aprendizaje, titulada\u00a0\u201cComunicar con eficacia: el arte de atender al cliente\u201d, se dirige al alumnado de\u00a01\u00ba de Administraci\u00f3n y Finanzas, en el m\u00f3dulo de\u00a0Comunicaci\u00f3n y Atenci\u00f3n al Cliente, en un momento clave de su formaci\u00f3n profesional. Este curso requiere que los estudiantes desarrollen competencias comunicativas esenciales para desenvolverse con eficacia en entornos laborales reales, especialmente en el \u00e1mbito de la atenci\u00f3n al cliente.&lt;/p&gt;\n&lt;p style=\"text-align: justify;\"&gt;&lt;br /&gt;El desarrollo de esta SdA busca fomentar en el alumnado:&lt;/p&gt;\n&lt;ul style=\"text-align: justify;\"&gt;\n&lt;li&gt;La\u00a0escucha activa\u00a0como herramienta clave para comprender las necesidades del cliente.&lt;/li&gt;\n&lt;li&gt;La\u00a0expresi\u00f3n oral clara y adaptada\u00a0al contexto profesional.&lt;/li&gt;\n&lt;li&gt;El uso consciente de la\u00a0comunicaci\u00f3n gestual y no verbal\u00a0para reforzar el mensaje y generar confianza.&lt;/li&gt;\n&lt;li&gt;La\u00a0reflexi\u00f3n cr\u00edtica\u00a0sobre el propio estilo comunicativo y su mejora continua.&lt;/li&gt;\n&lt;/ul&gt;\n&lt;p style=\"text-align: justify;\"&gt;El impacto esperado se traduce en una mejora significativa de las competencias comunicativas del alumnado, prepar\u00e1ndolos para afrontar con solvencia situaciones reales de atenci\u00f3n al cliente en diversos sectores. Adem\u00e1s, se promueve el desarrollo de habilidades transversales como la\u00a0empat\u00eda, la\u00a0resoluci\u00f3n de conflictos, la\u00a0argumentaci\u00f3n\u00a0y la\u00a0capacidad de trabajo en equipo, todas ellas fundamentales para su futura inserci\u00f3n laboral.&lt;/p&gt;&lt;/div&gt;","textFeedbackInput":"","textFeedbackTextarea":""}</jsonProperties><odeComponentsOrder>1</odeComponentsOrder><odeComponentsProperties><odeComponentsProperty><key>visibility</key><value>true</value></odeComponentsProperty><odeComponentsProperty><key>teacherOnly</key><value>false</value></odeComponentsProperty><odeComponentsProperty><key>identifier</key><value/></odeComponentsProperty><odeComponentsProperty><key>cssClass</key><value/></odeComponentsProperty></odeComponentsProperties></odeComponent></odeComponents></odePagStructure><odePagStructure><odePageId>20251110200922KKACPB</odePageId><odeBlockId>20251110200922PNXOUS</odeBlockId><blockName>ODS y Retos del siglo XXI</blockName><iconName/><odePagStructureOrder>10</odePagStructureOrder><odePagStructureProperties><odePagStructureProperty><key>visibility</key><value>true</value></odePagStructureProperty><odePagStructureProperty><key>teacherOnly</key><value>false</value></odePagStructureProperty><odePagStructureProperty><key>allowToggle</key><value>true</value></odePagStructureProperty><odePagStructureProperty><key>minimized</key><value>false</value></odePagStructureProperty><odePagStructureProperty><key>identifier</key><value/></odePagStructureProperty><odePagStructureProperty><key>cssClass</key><value/></odePagStructureProperty></odePagStructureProperties><odeComponents><odeComponent><odePageId>20251110200922KKACPB</odePageId><odeBlockId>20251110200922PNXOUS</odeBlockId><odeIdeviceId>20251110194711XSARJY</odeIdeviceId><odeIdeviceTypeName>text</odeIdeviceTypeName><htmlView>&lt;div class="exe-text"&gt;&lt;p&gt;La presente Situación de Aprendizaje se conecta directamente con los Objetivos de Desarrollo Sostenible (ODS) y con los desafíos que plantea el siglo XXI, fomentando en el alumnado una visión crítica, profesional y responsable sobre la comunicación en entornos laborales.&lt;br /&gt; &lt;br /&gt;&lt;strong&gt;ODS 4: Educación de calidad&lt;/strong&gt;&lt;br /&gt;La SdA promueve aprendizajes significativos mediante metodologías activas como el aprendizaje basado en proyectos, simulaciones y trabajo cooperativo. Se desarrollan competencias clave como la comunicación eficaz, la resolución de conflictos, la empatía y el pensamiento crítico, esenciales para la formación integral del alumnado y su preparación para el mundo profesional.&lt;br /&gt; &lt;br /&gt;&lt;strong&gt;ODS 8: Trabajo decente y crecimiento económico&lt;/strong&gt;&lt;br /&gt;Al centrarse en la atención al cliente, esta SdA prepara al alumnado para desempeñar funciones profesionales en sectores clave de la economía. Se fomenta una actitud responsable, respetuosa y resolutiva en el trato con clientes, contribuyendo a la mejora de la calidad del servicio y al desarrollo de entornos laborales más humanos y eficientes.&lt;br /&gt; &lt;br /&gt;&lt;strong&gt;ODS 10: Reducción de las desigualdades&lt;/strong&gt;&lt;br /&gt;La SdA promueve la adaptación del lenguaje y estilo comunicativo según el perfil del cliente, reconociendo la diversidad de interlocutores y fomentando una atención inclusiva. Esto contribuye a reducir barreras comunicativas y a garantizar un trato equitativo en contextos empresariales.&lt;br /&gt; &lt;br /&gt;En cuanto a los retos del siglo XXI, esta SdA responde a la necesidad de:&lt;br /&gt; &lt;/p&gt;
&lt;ul&gt;
&lt;li&gt;Desarrollar competencias comunicativas avanzadas en contextos profesionales, esenciales en un mundo cada vez más interconectado y orientado al servicio.&lt;/li&gt;
&lt;li&gt;Fomentar la empatía, la escucha activa y la inteligencia emocional como herramientas para la resolución de conflictos y la mejora de las relaciones interpersonales.&lt;/li&gt;
&lt;li&gt;Preparar al alumnado para entornos laborales cambiantes, donde la capacidad de adaptación comunicativa y la profesionalidad son claves para el éxito.&lt;/li&gt;
&lt;/ul&gt;&lt;/div&gt;</htmlView><jsonProperties>{"ideviceId":"20251110194711XSARJY","textInfoDurationInput":"","textInfoParticipantsInput":"","textInfoDurationTextInput":"","textInfoParticipantsTextInput":"","textTextarea":"&lt;div class=\"exe-text\"&gt;&lt;p&gt;La presente Situaci\u00f3n de Aprendizaje se conecta directamente con los\u00a0Objetivos de Desarrollo Sostenible (ODS)\u00a0y con los desaf\u00edos que plantea el siglo XXI, fomentando en el alumnado una visi\u00f3n cr\u00edtica, profesional y responsable sobre la comunicaci\u00f3n en entornos laborales.&lt;br /&gt;\u00a0&lt;br /&gt;&lt;strong&gt;ODS 4: Educaci\u00f3n de calidad&lt;/strong&gt;&lt;br /&gt;La SdA promueve aprendizajes significativos mediante metodolog\u00edas activas como el aprendizaje basado en proyectos, simulaciones y trabajo cooperativo. Se desarrollan competencias clave como la\u00a0comunicaci\u00f3n eficaz, la\u00a0resoluci\u00f3n de conflictos, la\u00a0empat\u00eda\u00a0y el\u00a0pensamiento cr\u00edtico, esenciales para la formaci\u00f3n integral del alumnado y su preparaci\u00f3n para el mundo profesional.&lt;br /&gt;\u00a0&lt;br /&gt;&lt;strong&gt;ODS 8: Trabajo decente y crecimiento econ\u00f3mico&lt;/strong&gt;&lt;br /&gt;Al centrarse en la atenci\u00f3n al cliente, esta SdA prepara al alumnado para desempe\u00f1ar funciones profesionales en sectores clave de la econom\u00eda. Se fomenta una actitud responsable, respetuosa y resolutiva en el trato con clientes, contribuyendo a la mejora de la calidad del servicio y al desarrollo de entornos laborales m\u00e1s humanos y eficientes.&lt;br /&gt;\u00a0&lt;br /&gt;&lt;strong&gt;ODS 10: Reducci\u00f3n de las desigualdades&lt;/strong&gt;&lt;br /&gt;La SdA promueve la\u00a0adaptaci\u00f3n del lenguaje y estilo comunicativo\u00a0seg\u00fan el perfil del cliente, reconociendo la diversidad de interlocutores y fomentando una atenci\u00f3n inclusiva. Esto contribuye a reducir barreras comunicativas y a garantizar un trato equitativo en contextos empresariales.&lt;br /&gt;\u00a0&lt;br /&gt;En cuanto a los retos del siglo XXI, esta SdA responde a la necesidad de:&lt;br /&gt;\u00a0&lt;/p&gt;\n&lt;ul&gt;\n&lt;li&gt;Desarrollar competencias comunicativas avanzadas\u00a0en contextos profesionales, esenciales en un mundo cada vez m\u00e1s interconectado y orientado al servicio.&lt;/li&gt;\n&lt;li&gt;Fomentar la empat\u00eda, la escucha activa y la inteligencia emocional\u00a0como herramientas para la resoluci\u00f3n de conflictos y la mejora de las relaciones interpersonales.&lt;/li&gt;\n&lt;li&gt;Preparar al alumnado para entornos laborales cambiantes, donde la capacidad de adaptaci\u00f3n comunicativa y la profesionalidad son claves para el \u00e9xito.&lt;/li&gt;\n&lt;/ul&gt;&lt;/div&gt;","textFeedbackInput":"","textFeedbackTextarea":""}</jsonProperties><odeComponentsOrder>1</odeComponentsOrder><odeComponentsProperties><odeComponentsProperty><key>visibility</key><value>true</value></odeComponentsProperty><odeComponentsProperty><key>teacherOnly</key><value>false</value></odeComponentsProperty><odeComponentsProperty><key>identifier</key><value/></odeComponentsProperty><odeComponentsProperty><key>cssClass</key><value/></odeComponentsProperty></odeComponentsProperties></odeComponent></odeComponents></odePagStructure></odePagStructures></odeNavStructure><odeNavStructure><odePageId>20251110200922KGLPZY</odePageId><odeParentPageId/><pageName>2. Elementos curriculares</pageName><odeNavStructureOrder>3</odeNavStructureOrder><odeNavStructureProperties><odeNavStructureProperty><key>titlePage</key><value>2. Elementos curriculares</value></odeNavStructureProperty></odeNavStructureProperties><odePagStructures><odePagStructure><odePageId>20251110200922KGLPZY</odePageId><odeBlockId>20251110200922AHQOWC</odeBlockId><blockName>Elementos curriculares</blockName><iconName/><odePagStructureOrder>12</odePagStructureOrder><odePagStructureProperties><odePagStructureProperty><key>visibility</key><value>true</value></odePagStructureProperty><odePagStructureProperty><key>teacherOnly</key><value>false</value></odePagStructureProperty><odePagStructureProperty><key>allowToggle</key><value>true</value></odePagStructureProperty><odePagStructureProperty><key>minimized</key><value>false</value></odePagStructureProperty><odePagStructureProperty><key>identifier</key><value/></odePagStructureProperty><odePagStructureProperty><key>cssClass</key><value/></odePagStructureProperty></odePagStructureProperties><odeComponents><odeComponent><odePageId>20251110200922KGLPZY</odePageId><odeBlockId>20251110200922AHQOWC</odeBlockId><odeIdeviceId>20251110194711GFZZVY</odeIdeviceId><odeIdeviceTypeName>text</odeIdeviceTypeName><htmlView>&lt;div class="exe-text"&gt;&lt;p&gt;&lt;strong&gt; Objetivos del módulo trabajados en la SdA&lt;/strong&gt;&lt;/p&gt;
&lt;p&gt;Esta SdA permite trabajar de forma integrada varios objetivos clave del currículo de Formación profesional:&lt;/p&gt;
&lt;ul&gt;
&lt;li&gt;Analizar y confeccionar comunicaciones empresariales, identificando su tipología, estructura y finalidad.&lt;/li&gt;
&lt;li&gt;Reconocer las técnicas de atención al cliente, adecuándolas a cada caso y protocolos de calidad e imagen profesional. &lt;/li&gt;
&lt;li&gt;&lt;span style="font-size: 1.05em;"&gt;Aplicar estrategias y técnicas de comunicación oral y no verbal, adaptándolas al contenido, la finalidad y los receptores para asegurar la eficacia comunicativa.  &lt;/span&gt;&lt;span style="font-size: 1.05em;"&gt; &lt;/span&gt;&lt;/li&gt;
&lt;/ul&gt;
&lt;p&gt;&lt;strong&gt;Resultados de Aprendizaje y criterios de evaluación asociados&lt;/strong&gt;&lt;br /&gt; &lt;br /&gt;RA 2: Realiza comunicaciones orales presenciales y no presenciales, aplicando técnicas de comunicación y adaptándolas al interlocutor. &lt;/p&gt;
&lt;p&gt;Criterios de evaluación:&lt;/p&gt;
&lt;ul&gt;
&lt;li&gt;Aplica técnicas de comunicación oral presencial y telefónica.&lt;/li&gt;
&lt;li&gt;Utiliza protocolo verbal y no verbal adecuado al contexto y perfil del cliente.&lt;/li&gt;
&lt;li&gt;Usa un lenguaje claro, estructurado, preciso, cortés y sensible.&lt;/li&gt;
&lt;li&gt;Identifica barreras comunicativas y propone acciones correctoras. &lt;/li&gt;
&lt;/ul&gt;
&lt;p&gt;RA 5: Aplica técnicas de comunicación, identificando las más adecuadas en la relación y atención a los clientes/usuarios. &lt;/p&gt;
&lt;p&gt;Criterios de evaluación:&lt;/p&gt;
&lt;ul&gt;
&lt;li&gt;Aplica habilidades sociales que fomentan la empatía con el cliente.&lt;/li&gt;
&lt;li&gt;Reconoce las fases del proceso de atención al cliente según el canal.&lt;/li&gt;
&lt;li&gt;Adapta la comunicación según el comportamiento y perfil del cliente.&lt;/li&gt;
&lt;li&gt;Detecta y corrige errores comunes en la comunicación cliente-empresa. &lt;/li&gt;
&lt;/ul&gt;
&lt;p&gt;&lt;strong&gt;Contenidos mínimos:&lt;/strong&gt;&lt;/p&gt;
&lt;ul&gt;
&lt;li&gt;Elementos del proceso comunicativo: emisor, receptor, canal, código, mensaje, contexto.&lt;/li&gt;
&lt;li&gt;Tipos de comunicación: verbal, no verbal, gestual.&lt;/li&gt;
&lt;li&gt;Técnicas de expresión oral en la atención al cliente.&lt;/li&gt;
&lt;li&gt;Estrategias de escucha activa y retroalimentación.&lt;/li&gt;
&lt;li&gt;Barreras comunicativas y resolución de conflictos.&lt;/li&gt;
&lt;li&gt;Comunicación telefónica y presencial en contextos empresariales.&lt;/li&gt;
&lt;/ul&gt;&lt;/div&gt;</htmlView><jsonProperties>{"ideviceId":"20251110194711GFZZVY","textInfoDurationInput":"","textInfoParticipantsInput":"","textInfoDurationTextInput":"","textInfoParticipantsTextInput":"","textTextarea":"&lt;div class=\"exe-text\"&gt;&lt;p&gt;&lt;strong&gt; Objetivos del m\u00f3dulo trabajados en la SdA&lt;/strong&gt;&lt;/p&gt;\n&lt;p&gt;Esta SdA permite trabajar de forma integrada varios objetivos clave del curr\u00edculo de Formaci\u00f3n profesional:&lt;/p&gt;\n&lt;ul&gt;\n&lt;li&gt;Analizar y confeccionar comunicaciones empresariales, identificando su tipolog\u00eda, estructura y finalidad.&lt;/li&gt;\n&lt;li&gt;Reconocer las t\u00e9cnicas de atenci\u00f3n al cliente, adecu\u00e1ndolas a cada caso y protocolos de calidad e imagen profesional.\u00a0&lt;/li&gt;\n&lt;li&gt;&lt;span style=\"font-size: 1.05em;\"&gt;Aplicar estrategias y t\u00e9cnicas de comunicaci\u00f3n oral y no verbal, adapt\u00e1ndolas al contenido, la finalidad y los receptores para asegurar la eficacia comunicativa. \u00a0&lt;/span&gt;&lt;span style=\"font-size: 1.05em;\"&gt;\u00a0&lt;/span&gt;&lt;/li&gt;\n&lt;/ul&gt;\n&lt;p&gt;&lt;strong&gt;Resultados de Aprendizaje y criterios de evaluaci\u00f3n asociados&lt;/strong&gt;&lt;br /&gt;\u00a0&lt;br /&gt;RA 2: Realiza comunicaciones orales presenciales y no presenciales, aplicando t\u00e9cnicas de comunicaci\u00f3n y adapt\u00e1ndolas al interlocutor.\u00a0&lt;/p&gt;\n&lt;p&gt;Criterios de evaluaci\u00f3n:&lt;/p&gt;\n&lt;ul&gt;\n&lt;li&gt;Aplica t\u00e9cnicas de comunicaci\u00f3n oral presencial y telef\u00f3nica.&lt;/li&gt;\n&lt;li&gt;Utiliza protocolo verbal y no verbal adecuado al contexto y perfil del cliente.&lt;/li&gt;\n&lt;li&gt;Usa un lenguaje claro, estructurado, preciso, cort\u00e9s y sensible.&lt;/li&gt;\n&lt;li&gt;Identifica barreras comunicativas y propone acciones correctoras.\u00a0&lt;/li&gt;\n&lt;/ul&gt;\n&lt;p&gt;RA 5: Aplica t\u00e9cnicas de comunicaci\u00f3n, identificando las m\u00e1s adecuadas en la relaci\u00f3n y atenci\u00f3n a los clientes/usuarios.\u00a0&lt;/p&gt;\n&lt;p&gt;Criterios de evaluaci\u00f3n:&lt;/p&gt;\n&lt;ul&gt;\n&lt;li&gt;Aplica habilidades sociales que fomentan la empat\u00eda con el cliente.&lt;/li&gt;\n&lt;li&gt;Reconoce las fases del proceso de atenci\u00f3n al cliente seg\u00fan el canal.&lt;/li&gt;\n&lt;li&gt;Adapta la comunicaci\u00f3n seg\u00fan el comportamiento y perfil del cliente.&lt;/li&gt;\n&lt;li&gt;Detecta y corrige errores comunes en la comunicaci\u00f3n cliente-empresa.\u00a0&lt;/li&gt;\n&lt;/ul&gt;\n&lt;p&gt;&lt;strong&gt;Contenidos m\u00ednimos:&lt;/strong&gt;&lt;/p&gt;\n&lt;ul&gt;\n&lt;li&gt;Elementos del proceso comunicativo: emisor, receptor, canal, c\u00f3digo, mensaje, contexto.&lt;/li&gt;\n&lt;li&gt;Tipos de comunicaci\u00f3n: verbal, no verbal, gestual.&lt;/li&gt;\n&lt;li&gt;T\u00e9cnicas de expresi\u00f3n oral en la atenci\u00f3n al cliente.&lt;/li&gt;\n&lt;li&gt;Estrategias de escucha activa y retroalimentaci\u00f3n.&lt;/li&gt;\n&lt;li&gt;Barreras comunicativas y resoluci\u00f3n de conflictos.&lt;/li&gt;\n&lt;li&gt;Comunicaci\u00f3n telef\u00f3nica y presencial en contextos empresariales.&lt;/li&gt;\n&lt;/ul&gt;&lt;/div&gt;","textFeedbackInput":"","textFeedbackTextarea":""}</jsonProperties><odeComponentsOrder>1</odeComponentsOrder><odeComponentsProperties><odeComponentsProperty><key>visibility</key><value>true</value></odeComponentsProperty><odeComponentsProperty><key>teacherOnly</key><value>false</value></odeComponentsProperty><odeComponentsProperty><key>identifier</key><value/></odeComponentsProperty><odeComponentsProperty><key>cssClass</key><value/></odeComponentsProperty></odeComponentsProperties></odeComponent></odeComponents></odePagStructure></odePagStructures></odeNavStructure><odeNavStructure><odePageId>20251110200922HFISZD</odePageId><odeParentPageId/><pageName>3. Metodologías activas</pageName><odeNavStructureOrder>4</odeNavStructureOrder><odeNavStructureProperties><odeNavStructureProperty><key>titlePage</key><value>3. Metodologías activas</value></odeNavStructureProperty></odeNavStructureProperties><odePagStructures><odePagStructure><odePageId>20251110200922HFISZD</odePageId><odeBlockId>20251110200922FEHEHR</odeBlockId><blockName>Aprendizaje Basado en Proyectos (ABP) </blockName><iconName/><odePagStructureOrder>15</odePagStructureOrder><odePagStructureProperties><odePagStructureProperty><key>visibility</key><value>true</value></odePagStructureProperty><odePagStructureProperty><key>teacherOnly</key><value>false</value></odePagStructureProperty><odePagStructureProperty><key>allowToggle</key><value>true</value></odePagStructureProperty><odePagStructureProperty><key>minimized</key><value>false</value></odePagStructureProperty><odePagStructureProperty><key>identifier</key><value/></odePagStructureProperty><odePagStructureProperty><key>cssClass</key><value/></odePagStructureProperty></odePagStructureProperties><odeComponents><odeComponent><odePageId>20251110200922HFISZD</odePageId><odeBlockId>20251110200922FEHEHR</odeBlockId><odeIdeviceId>20251110194711NEHELI</odeIdeviceId><odeIdeviceTypeName>text</odeIdeviceTypeName><htmlView>&lt;div class="exe-text"&gt;&lt;p style="text-align: justify;"&gt;La metodología principal seleccionada para esta Situación de Aprendizaje es el Aprendizaje Basado en Proyectos (ABP), que sitúa al alumnado como protagonista activo del proceso de enseñanza-aprendizaje. El reto planteado simular una atención al cliente eficaz en distintos contextos empresariales permite aplicar saberes comunicativos en una situación realista, fomentando la autonomía, la toma de decisiones y la reflexión crítica.&lt;br /&gt; &lt;/p&gt;&lt;/div&gt;</htmlView><jsonProperties>{"ideviceId":"20251110194711NEHELI","textInfoDurationInput":"","textInfoParticipantsInput":"","textInfoDurationTextInput":"","textInfoParticipantsTextInput":"","textTextarea":"&lt;div class=\"exe-text\"&gt;&lt;p style=\"text-align: justify;\"&gt;La metodolog\u00eda principal seleccionada para esta Situaci\u00f3n de Aprendizaje es el\u00a0Aprendizaje Basado en Proyectos (ABP), que sit\u00faa al alumnado como protagonista activo del proceso de ense\u00f1anza-aprendizaje. El reto planteado simular una atenci\u00f3n al cliente eficaz en distintos contextos empresariales permite aplicar saberes comunicativos en una situaci\u00f3n realista, fomentando la autonom\u00eda, la toma de decisiones y la reflexi\u00f3n cr\u00edtica.&lt;br /&gt;\u00a0&lt;/p&gt;&lt;/div&gt;","textFeedbackInput":"","textFeedbackTextarea":""}</jsonProperties><odeComponentsOrder>1</odeComponentsOrder><odeComponentsProperties><odeComponentsProperty><key>visibility</key><value>true</value></odeComponentsProperty><odeComponentsProperty><key>teacherOnly</key><value>false</value></odeComponentsProperty><odeComponentsProperty><key>identifier</key><value/></odeComponentsProperty><odeComponentsProperty><key>cssClass</key><value/></odeComponentsProperty></odeComponentsProperties></odeComponent></odeComponents></odePagStructure></odePagStructures></odeNavStructure><odeNavStructure><odePageId>20251110200922WEDTIZ</odePageId><odeParentPageId/><pageName>4. Vinculación con los proyectos y programas del centro</pageName><odeNavStructureOrder>5</odeNavStructureOrder><odeNavStructureProperties><odeNavStructureProperty><key>titlePage</key><value>4. Vinculación con los proyectos y programas del centro</value></odeNavStructureProperty></odeNavStructureProperties><odePagStructures><odePagStructure><odePageId>20251110200922WEDTIZ</odePageId><odeBlockId>20251110200922LEWTMM</odeBlockId><blockName>Plan de Acción Digital (PAD)</blockName><iconName/><odePagStructureOrder>18</odePagStructureOrder><odePagStructureProperties><odePagStructureProperty><key>visibility</key><value>true</value></odePagStructureProperty><odePagStructureProperty><key>teacherOnly</key><value>false</value></odePagStructureProperty><odePagStructureProperty><key>allowToggle</key><value>true</value></odePagStructureProperty><odePagStructureProperty><key>minimized</key><value>false</value></odePagStructureProperty><odePagStructureProperty><key>identifier</key><value/></odePagStructureProperty><odePagStructureProperty><key>cssClass</key><value/></odePagStructureProperty></odePagStructureProperties><odeComponents><odeComponent><odePageId>20251110200922WEDTIZ</odePageId><odeBlockId>20251110200922LEWTMM</odeBlockId><odeIdeviceId>20251110194711WBTYOJ</odeIdeviceId><odeIdeviceTypeName>text</odeIdeviceTypeName><htmlView>&lt;div class="exe-text"&gt;&lt;p&gt;La SdA incorpora el uso de herramientas digitales como Canva, PowerPoint, y Clipchamp, promoviendo la competencia digital del alumnado desde un enfoque creativo, crítico y seguro. Esta integración responde a los objetivos del PAD, desarrollando habilidades clave para el entorno profesional actual.&lt;/p&gt;&lt;/div&gt;</htmlView><jsonProperties>{"ideviceId":"20251110194711WBTYOJ","textInfoDurationInput":"","textInfoParticipantsInput":"","textInfoDurationTextInput":"","textInfoParticipantsTextInput":"","textTextarea":"&lt;div class=\"exe-text\"&gt;&lt;p&gt;La SdA incorpora el uso de herramientas digitales como Canva, PowerPoint, y Clipchamp, promoviendo la competencia digital del alumnado desde un enfoque creativo, cr\u00edtico y seguro. Esta integraci\u00f3n responde a los objetivos del PAD, desarrollando habilidades clave para el entorno profesional actual.&lt;/p&gt;&lt;/div&gt;","textFeedbackInput":"","textFeedbackTextarea":""}</jsonProperties><odeComponentsOrder>1</odeComponentsOrder><odeComponentsProperties><odeComponentsProperty><key>visibility</key><value>true</value></odeComponentsProperty><odeComponentsProperty><key>teacherOnly</key><value>false</value></odeComponentsProperty><odeComponentsProperty><key>identifier</key><value/></odeComponentsProperty><odeComponentsProperty><key>cssClass</key><value/></odeComponentsProperty></odeComponentsProperties></odeComponent></odeComponents></odePagStructure><odePagStructure><odePageId>20251110200922WEDTIZ</odePageId><odeBlockId>20251110200922VICLIU</odeBlockId><blockName>Plan de Lectura, Escritura e Investigación (PLEI)</blockName><iconName/><odePagStructureOrder>21</odePagStructureOrder><odePagStructureProperties><odePagStructureProperty><key>visibility</key><value>true</value></odePagStructureProperty><odePagStructureProperty><key>teacherOnly</key><value>false</value></odePagStructureProperty><odePagStructureProperty><key>allowToggle</key><value>true</value></odePagStructureProperty><odePagStructureProperty><key>minimized</key><value>false</value></odePagStructureProperty><odePagStructureProperty><key>identifier</key><value/></odePagStructureProperty><odePagStructureProperty><key>cssClass</key><value/></odePagStructureProperty></odePagStructureProperties><odeComponents><odeComponent><odePageId>20251110200922WEDTIZ</odePageId><odeBlockId>20251110200922VICLIU</odeBlockId><odeIdeviceId>20251110194711SAFKUK</odeIdeviceId><odeIdeviceTypeName>text</odeIdeviceTypeName><htmlView>&lt;div class="exe-text"&gt;&lt;p style="text-align: justify;"&gt;La SdA contribuye al desarrollo de la competencia comunicativa del alumnado mediante la elaboración de guiones, análisis de casos reales, redacción de propuestas de mejora y argumentación oral en las presentaciones finales. Se promueve la lectura crítica de situaciones comunicativas, la escritura profesional y la investigación aplicada sobre estilos de atención al cliente, en coherencia con los objetivos del PLEI.&lt;/p&gt;&lt;/div&gt;</htmlView><jsonProperties>{"ideviceId":"20251110194711SAFKUK","textInfoDurationInput":"","textInfoParticipantsInput":"","textInfoDurationTextInput":"","textInfoParticipantsTextInput":"","textTextarea":"&lt;div class=\"exe-text\"&gt;&lt;p style=\"text-align: justify;\"&gt;La SdA contribuye al desarrollo de la competencia comunicativa del alumnado mediante la elaboraci\u00f3n de guiones, an\u00e1lisis de casos reales, redacci\u00f3n de propuestas de mejora y argumentaci\u00f3n oral en las presentaciones finales. Se promueve la lectura cr\u00edtica de situaciones comunicativas, la escritura profesional y la investigaci\u00f3n aplicada sobre estilos de atenci\u00f3n al cliente, en coherencia con los objetivos del PLEI.&lt;/p&gt;&lt;/div&gt;","textFeedbackInput":"","textFeedbackTextarea":""}</jsonProperties><odeComponentsOrder>1</odeComponentsOrder><odeComponentsProperties><odeComponentsProperty><key>visibility</key><value>true</value></odeComponentsProperty><odeComponentsProperty><key>teacherOnly</key><value>false</value></odeComponentsProperty><odeComponentsProperty><key>identifier</key><value/></odeComponentsProperty><odeComponentsProperty><key>cssClass</key><value/></odeComponentsProperty></odeComponentsProperties></odeComponent></odeComponents></odePagStructure><odePagStructure><odePageId>20251110200922WEDTIZ</odePageId><odeBlockId>20251110200922OPJVKN</odeBlockId><blockName>Plan de Convivencia (PDC)</blockName><iconName/><odePagStructureOrder>23</odePagStructureOrder><odePagStructureProperties><odePagStructureProperty><key>visibility</key><value>true</value></odePagStructureProperty><odePagStructureProperty><key>teacherOnly</key><value>false</value></odePagStructureProperty><odePagStructureProperty><key>allowToggle</key><value>true</value></odePagStructureProperty><odePagStructureProperty><key>minimized</key><value>false</value></odePagStructureProperty><odePagStructureProperty><key>identifier</key><value/></odePagStructureProperty><odePagStructureProperty><key>cssClass</key><value/></odePagStructureProperty></odePagStructureProperties><odeComponents><odeComponent><odePageId>20251110200922WEDTIZ</odePageId><odeBlockId>20251110200922OPJVKN</odeBlockId><odeIdeviceId>20251110194711ZIHESJ</odeIdeviceId><odeIdeviceTypeName>text</odeIdeviceTypeName><htmlView>&lt;div class="exe-text"&gt;&lt;p style="text-align: justify;"&gt;El trabajo cooperativo en grupos, las dinámicas de simulación y la exposición pública de los productos favorecen la convivencia positiva, el respeto mutuo y la inclusión. La SdA promueve valores como la empatía, la escucha activa, la asertividad y la participación equitativa, contribuyendo a un clima de aula saludable y al desarrollo de habilidades sociales esenciales para la vida profesional y personal.&lt;br /&gt; &lt;/p&gt;&lt;/div&gt;</htmlView><jsonProperties>{"ideviceId":"20251110194711ZIHESJ","textInfoDurationInput":"","textInfoParticipantsInput":"","textInfoDurationTextInput":"","textInfoParticipantsTextInput":"","textTextarea":"&lt;div class=\"exe-text\"&gt;&lt;p style=\"text-align: justify;\"&gt;El trabajo cooperativo en grupos, las din\u00e1micas de simulaci\u00f3n y la exposici\u00f3n p\u00fablica de los productos favorecen la convivencia positiva, el respeto mutuo y la inclusi\u00f3n. La SdA promueve valores como la empat\u00eda, la escucha activa, la asertividad y la participaci\u00f3n equitativa, contribuyendo a un clima de aula saludable y al desarrollo de habilidades sociales esenciales para la vida profesional y personal.&lt;br /&gt;\u00a0&lt;/p&gt;&lt;/div&gt;","textFeedbackInput":"","textFeedbackTextarea":""}</jsonProperties><odeComponentsOrder>1</odeComponentsOrder><odeComponentsProperties><odeComponentsProperty><key>visibility</key><value>true</value></odeComponentsProperty><odeComponentsProperty><key>teacherOnly</key><value>false</value></odeComponentsProperty><odeComponentsProperty><key>identifier</key><value/></odeComponentsProperty><odeComponentsProperty><key>cssClass</key><value/></odeComponentsProperty></odeComponentsProperties></odeComponent></odeComponents></odePagStructure></odePagStructures></odeNavStructure><odeNavStructure><odePageId>20251110200922HUKWWS</odePageId><odeParentPageId/><pageName>5. Actividades complementarias y extraescolares</pageName><odeNavStructureOrder>6</odeNavStructureOrder><odeNavStructureProperties><odeNavStructureProperty><key>titlePage</key><value>5. Actividades complementarias y extraescolares</value></odeNavStructureProperty></odeNavStructureProperties><odePagStructures><odePagStructure><odePageId>20251110200922HUKWWS</odePageId><odeBlockId>20251110200922JJPSHN</odeBlockId><blockName>Visita guiada a empresas locales del occidente asturiano</blockName><iconName/><odePagStructureOrder>25</odePagStructureOrder><odePagStructureProperties><odePagStructureProperty><key>visibility</key><value>true</value></odePagStructureProperty><odePagStructureProperty><key>teacherOnly</key><value>false</value></odePagStructureProperty><odePagStructureProperty><key>allowToggle</key><value>true</value></odePagStructureProperty><odePagStructureProperty><key>minimized</key><value>false</value></odePagStructureProperty><odePagStructureProperty><key>identifier</key><value/></odePagStructureProperty><odePagStructureProperty><key>cssClass</key><value/></odePagStructureProperty></odePagStructureProperties><odeComponents><odeComponent><odePageId>20251110200922HUKWWS</odePageId><odeBlockId>20251110200922JJPSHN</odeBlockId><odeIdeviceId>20251110194711YHKUFR</odeIdeviceId><odeIdeviceTypeName>text</odeIdeviceTypeName><htmlView>&lt;div class="exe-text"&gt;&lt;p style="text-align: justify;"&gt;Descripción: Organizar una salida a empresas de Navia, Luarca o alrededores que cuenten con departamentos de atención al cliente (por ejemplo, oficinas bancarias, aseguradoras, comercios o cooperativas). &lt;br /&gt;Objetivo: Observar y analizar estilos comunicativos reales, identificar buenas prácticas y reflexionar sobre la importancia de la comunicación profesional en el trato con el cliente.&lt;br /&gt;Producto: Diario de observación con anotaciones sobre el lenguaje utilizado, la actitud del personal, el entorno comunicativo y propuestas de mejora. &lt;br /&gt;Valor añadido: Conexión directa con el tejido empresarial del occidente asturiano, orientación vocacional y aprendizaje situado en el entorno sociolaboral del alumnado.&lt;/p&gt;&lt;/div&gt;</htmlView><jsonProperties>{"ideviceId":"20251110194711YHKUFR","textInfoDurationInput":"","textInfoParticipantsInput":"","textInfoDurationTextInput":"","textInfoParticipantsTextInput":"","textTextarea":"&lt;div class=\"exe-text\"&gt;&lt;p style=\"text-align: justify;\"&gt;Descripci\u00f3n: Organizar una salida a empresas de Navia, Luarca o alrededores que cuenten con departamentos de atenci\u00f3n al cliente (por ejemplo, oficinas bancarias, aseguradoras, comercios o cooperativas). &lt;br /&gt;Objetivo: Observar y analizar estilos comunicativos reales, identificar buenas pr\u00e1cticas y reflexionar sobre la importancia de la comunicaci\u00f3n profesional en el trato con el cliente.&lt;br /&gt;Producto: Diario de observaci\u00f3n con anotaciones sobre el lenguaje utilizado, la actitud del personal, el entorno comunicativo y propuestas de mejora. &lt;br /&gt;Valor a\u00f1adido: Conexi\u00f3n directa con el tejido empresarial del occidente asturiano, orientaci\u00f3n vocacional y aprendizaje situado en el entorno sociolaboral del alumnado.&lt;/p&gt;&lt;/div&gt;","textFeedbackInput":"","textFeedbackTextarea":""}</jsonProperties><odeComponentsOrder>1</odeComponentsOrder><odeComponentsProperties><odeComponentsProperty><key>visibility</key><value>true</value></odeComponentsProperty><odeComponentsProperty><key>teacherOnly</key><value>false</value></odeComponentsProperty><odeComponentsProperty><key>identifier</key><value/></odeComponentsProperty><odeComponentsProperty><key>cssClass</key><value/></odeComponentsProperty></odeComponentsProperties></odeComponent></odeComponents></odePagStructure><odePagStructure><odePageId>20251110200922HUKWWS</odePageId><odeBlockId>20251110200922NYDIPC</odeBlockId><blockName>Taller con profesionales de atención al cliente</blockName><iconName/><odePagStructureOrder>28</odePagStructureOrder><odePagStructureProperties><odePagStructureProperty><key>visibility</key><value>true</value></odePagStructureProperty><odePagStructureProperty><key>teacherOnly</key><value>false</value></odePagStructureProperty><odePagStructureProperty><key>allowToggle</key><value>true</value></odePagStructureProperty><odePagStructureProperty><key>minimized</key><value>false</value></odePagStructureProperty><odePagStructureProperty><key>identifier</key><value/></odePagStructureProperty><odePagStructureProperty><key>cssClass</key><value/></odePagStructureProperty></odePagStructureProperties><odeComponents><odeComponent><odePageId>20251110200922HUKWWS</odePageId><odeBlockId>20251110200922NYDIPC</odeBlockId><odeIdeviceId>20251110194711UDODFO</odeIdeviceId><odeIdeviceTypeName>text</odeIdeviceTypeName><htmlView>&lt;div class="exe-text"&gt;&lt;p style="text-align: justify;"&gt;Descripción: Invitar a una persona experta en atención al cliente (por ejemplo, responsable de atención en una empresa local, técnico de turismo o gestor comercial) para impartir un taller práctico en el aula. &lt;br /&gt;Objetivo: Comprender la relación entre teoría y práctica profesional, y reflexionar sobre las competencias comunicativas necesarias en el mundo laboral.&lt;br /&gt;Producto: El alumnado elaborará una serie de preguntas y reflexiones que se incorporarán a la justificación de sus simulaciones en la presentación final.&lt;br /&gt;Valor añadido: Orientación profesional, desarrollo de habilidades de entrevista y escucha activa, y conexión con el entorno laboral del occidente asturiano.&lt;/p&gt;&lt;/div&gt;</htmlView><jsonProperties>{"ideviceId":"20251110194711UDODFO","textInfoDurationInput":"","textInfoParticipantsInput":"","textInfoDurationTextInput":"","textInfoParticipantsTextInput":"","textTextarea":"&lt;div class=\"exe-text\"&gt;&lt;p style=\"text-align: justify;\"&gt;Descripci\u00f3n: Invitar a una persona experta en atenci\u00f3n al cliente (por ejemplo, responsable de atenci\u00f3n en una empresa local, t\u00e9cnico de turismo o gestor comercial) para impartir un taller pr\u00e1ctico en el aula. &lt;br /&gt;Objetivo: Comprender la relaci\u00f3n entre teor\u00eda y pr\u00e1ctica profesional, y reflexionar sobre las competencias comunicativas necesarias en el mundo laboral.&lt;br /&gt;Producto: El alumnado elaborar\u00e1 una serie de preguntas y reflexiones que se incorporar\u00e1n a la justificaci\u00f3n de sus simulaciones en la presentaci\u00f3n final.&lt;br /&gt;Valor a\u00f1adido: Orientaci\u00f3n profesional, desarrollo de habilidades de entrevista y escucha activa, y conexi\u00f3n con el entorno laboral del occidente asturiano.&lt;/p&gt;&lt;/div&gt;","textFeedbackInput":"","textFeedbackTextarea":""}</jsonProperties><odeComponentsOrder>1</odeComponentsOrder><odeComponentsProperties><odeComponentsProperty><key>visibility</key><value>true</value></odeComponentsProperty><odeComponentsProperty><key>teacherOnly</key><value>false</value></odeComponentsProperty><odeComponentsProperty><key>identifier</key><value/></odeComponentsProperty><odeComponentsProperty><key>cssClass</key><value/></odeComponentsProperty></odeComponentsProperties></odeComponent></odeComponents></odePagStructure></odePagStructures></odeNavStructure><odeNavStructure><odePageId>20251110200922TGNCOY</odePageId><odeParentPageId/><pageName>6. Atribución y fichero descargable.</pageName><odeNavStructureOrder>7</odeNavStructureOrder><odeNavStructureProperties><odeNavStructureProperty><key>titlePage</key><value>6. Atribución y fichero descargable.</value></odeNavStructureProperty></odeNavStructureProperties><odePagStructures><odePagStructure><odePageId>20251110200922TGNCOY</odePageId><odeBlockId>20251110200922OYZCYE</odeBlockId><blockName>Download source file</blockName><iconName/><odePagStructureOrder>30</odePagStructureOrder><odePagStructureProperties><odePagStructureProperty><key>visibility</key><value>true</value></odePagStructureProperty><odePagStructureProperty><key>teacherOnly</key><value>false</value></odePagStructureProperty><odePagStructureProperty><key>allowToggle</key><value>true</value></odePagStructureProperty><odePagStructureProperty><key>minimized</key><value>false</value></odePagStructureProperty><odePagStructureProperty><key>identifier</key><value/></odePagStructureProperty><odePagStructureProperty><key>cssClass</key><value/></odePagStructureProperty></odePagStructureProperties><odeComponents><odeComponent><odePageId>20251110200922TGNCOY</odePageId><odeBlockId>20251110200922OYZCYE</odeBlockId><odeIdeviceId>20251110194711DOJNFO</odeIdeviceId><odeIdeviceTypeName>download-source-file</odeIdeviceTypeName><htmlView>&lt;div class="exe-download-package-instructions"&gt;&lt;table class="exe-table"&gt;&lt;caption&gt;Información general sobre este recurso educativo&lt;/caption&gt;
&lt;tbody&gt;
&lt;tr&gt;
&lt;th&gt;Título&lt;/th&gt;
&lt;td&gt;Comunicar con eficacia: el arte de atender al cliente&lt;/td&gt;
&lt;/tr&gt;
&lt;tr&gt;
&lt;th&gt;Descripción&lt;/th&gt;
&lt;td&gt;Fichero editable de la SdA “Comunicar con eficacia: el arte de atender al cliente”, elaborado con eXeLearning&lt;/td&gt;
&lt;/tr&gt;
&lt;tr&gt;
&lt;th&gt;Autoría&lt;/th&gt;
&lt;td&gt;Enrique Fernández&lt;/td&gt;
&lt;/tr&gt;
&lt;tr&gt;
&lt;th&gt;Licencia&lt;/th&gt;
&lt;td&gt;&lt;a href="https://creativecommons.org/licenses/by-sa/4.0/" rel="license" class="cc cc-by-sa"&gt;&lt;span&gt;&lt;/span&gt;Creative Commons BY-SA 4.0&lt;/a&gt;&lt;/td&gt;
&lt;/tr&gt;
&lt;/tbody&gt;
&lt;/table&gt;
&lt;p style="text-align: center;"&gt;Este contenido fue creado con &lt;a href="http://exelearning.net/"&gt;eXeLearning&lt;/a&gt;, el editor libre y de fuente abierta diseñado para crear recursos educativos. &lt;/p&gt;&lt;/div&gt;&lt;p class="exe-download-package-link"&gt;&lt;a download="exe-package:elp-name" href="exe-package:elp" style="background-color:#107275;color:#ffffff;"&gt;Descargar el fichero .elp&lt;/a&gt;&lt;/p&gt;</htmlView><jsonProperties/><odeComponentsOrder>1</odeComponentsOrder><odeComponentsProperties><odeComponentsProperty><key>visibility</key><value>true</value></odeComponentsProperty><odeComponentsProperty><key>teacherOnly</key><value>false</value></odeComponentsProperty><odeComponentsProperty><key>identifier</key><value/></odeComponentsProperty><odeComponentsProperty><key>cssClass</key><value/></odeComponentsProperty></odeComponentsProperties></odeComponent></odeComponents></odePagStructure></odePagStructures></odeNavStructure></odeNavStructures></ode>
